[
  {
    "id": "69d5db3d-629c-49fc-b2f4-c067554381c3",
    "data": [
      {
        "text": "yes",
        "userDefined": false
      }
    ],
    "isTemplate": false,
    "count": 0,
    "updated": 0
  },
  {
    "id": "0b4d6fd0-ca59-42aa-a4d7-8eeb23d01dcc",
    "data": [
      {
        "text": "paper publication",
        "userDefined": false
      }
    ],
    "isTemplate": false,
    "count": 0,
    "updated": 0
  },
  {
    "id": "bed75731-5836-4e5f-b97d-1e70a353e539",
    "data": [
      {
        "text": "more",
        "userDefined": false
      }
    ],
    "isTemplate": false,
    "count": 0,
    "updated": 0
  }
]