[
  {
    "id": "04ff338e-ad9d-4815-aafe-12a42ed24ef8",
    "data": [
      {
        "text": "in which city he lives",
        "userDefined": false
      }
    ],
    "isTemplate": false,
    "count": 0,
    "updated": 0
  },
  {
    "id": "d039bfb9-bdd5-428f-890d-ee925d76571e",
    "data": [
      {
        "text": "where do he lives",
        "userDefined": false
      }
    ],
    "isTemplate": false,
    "count": 0,
    "updated": 0
  },
  {
    "id": "57d05d64-9ef0-418a-aba7-eb4b5c4750b1",
    "data": [
      {
        "text": "location of him",
        "userDefined": false
      }
    ],
    "isTemplate": false,
    "count": 0,
    "updated": 0
  },
  {
    "id": "89295bdb-8906-499b-83b5-f2645dd89343",
    "data": [
      {
        "text": "Address",
        "userDefined": false
      }
    ],
    "isTemplate": false,
    "count": 0,
    "updated": 0
  }
]