[
  {
    "id": "6f629bbe-c749-4528-81a4-819e7e09271b",
    "data": [
      {
        "text": "phone number",
        "userDefined": false
      }
    ],
    "isTemplate": false,
    "count": 0,
    "updated": 0
  },
  {
    "id": "b3836c33-0f6f-4b5a-9d46-006416147471",
    "data": [
      {
        "text": "I need his mobile number",
        "userDefined": false
      }
    ],
    "isTemplate": false,
    "count": 0,
    "updated": 0
  },
  {
    "id": "da62ab60-6e0e-4eba-aed8-253790bf3392",
    "data": [
      {
        "text": "I need his mail id",
        "userDefined": false
      }
    ],
    "isTemplate": false,
    "count": 0,
    "updated": 0
  },
  {
    "id": "4d653822-a590-4765-ac0e-ff2b32f92b5f",
    "data": [
      {
        "text": "Mail ID",
        "userDefined": false
      }
    ],
    "isTemplate": false,
    "count": 0,
    "updated": 0
  },
  {
    "id": "28197374-7c6f-4dfc-8040-c6fe1bd94d82",
    "data": [
      {
        "text": "Contact",
        "userDefined": false
      }
    ],
    "isTemplate": false,
    "count": 0,
    "updated": 0
  }
]