[
  {
    "id": "9f1d31f1-7cf6-4610-aae9-22d739697706",
    "data": [
      {
        "text": "say about his brothers",
        "userDefined": false
      }
    ],
    "isTemplate": false,
    "count": 0,
    "updated": 0
  },
  {
    "id": "80932f7e-4ee0-4c3e-9d95-707fc4a370c2",
    "data": [
      {
        "text": "elder brother",
        "userDefined": false
      }
    ],
    "isTemplate": false,
    "count": 0,
    "updated": 0
  },
  {
    "id": "e86e0bca-042b-4f7c-9823-352dd79fc98c",
    "data": [
      {
        "text": "madhan",
        "userDefined": false
      }
    ],
    "isTemplate": false,
    "count": 0,
    "updated": 0
  },
  {
    "id": "826931b9-0b6c-4be8-8e34-44c2211e467c",
    "data": [
      {
        "text": "mojo",
        "userDefined": false
      }
    ],
    "isTemplate": false,
    "count": 0,
    "updated": 0
  },
  {
    "id": "2d6ad22c-61c3-4dbf-8ca5-42ff5864bcca",
    "data": [
      {
        "text": "brothers",
        "userDefined": false
      }
    ],
    "isTemplate": false,
    "count": 0,
    "updated": 0
  }
]