[
  {
    "id": "51d0a8db-e21d-479a-b86a-e6e8dc45be11",
    "data": [
      {
        "text": "parents",
        "userDefined": false
      }
    ],
    "isTemplate": false,
    "count": 0,
    "updated": 0
  },
  {
    "id": "04f28171-026b-4e3a-a1e8-d9281ba61321",
    "data": [
      {
        "text": "about parents",
        "userDefined": false
      }
    ],
    "isTemplate": false,
    "count": 0,
    "updated": 0
  },
  {
    "id": "70b9df04-70f0-4e93-be66-28432ad4cb16",
    "data": [
      {
        "text": "father",
        "userDefined": false
      }
    ],
    "isTemplate": false,
    "count": 0,
    "updated": 0
  },
  {
    "id": "e8c1d843-3345-4e3e-b3f4-b7df47cdb57d",
    "data": [
      {
        "text": "dad",
        "userDefined": false
      }
    ],
    "isTemplate": false,
    "count": 0,
    "updated": 0
  },
  {
    "id": "6a5d3edb-7d3f-443d-a576-92c9edefd5c8",
    "data": [
      {
        "text": "Say about his father",
        "userDefined": false
      }
    ],
    "isTemplate": false,
    "count": 0,
    "updated": 0
  },
  {
    "id": "e2433704-5eb7-4dd5-bc92-a30ec05a072f",
    "data": [
      {
        "text": "say about his mother",
        "userDefined": false
      }
    ],
    "isTemplate": false,
    "count": 0,
    "updated": 0
  },
  {
    "id": "eb9996af-5032-4d46-bd88-024b28ece785",
    "data": [
      {
        "text": "mom",
        "userDefined": false
      }
    ],
    "isTemplate": false,
    "count": 0,
    "updated": 0
  },
  {
    "id": "6ac405a0-b1f7-42cd-97a4-4208b7bd95ca",
    "data": [
      {
        "text": "mother",
        "userDefined": false
      }
    ],
    "isTemplate": false,
    "count": 0,
    "updated": 0
  },
  {
    "id": "02bcdbc5-2c4c-4868-9d97-747728496892",
    "data": [
      {
        "text": "About Mother",
        "userDefined": false
      }
    ],
    "isTemplate": false,
    "count": 0,
    "updated": 0
  }
]