[
  {
    "id": "aeb856f9-5a6f-40f5-8557-6b1333b6f0c3",
    "data": [
      {
        "text": "mama",
        "userDefined": false
      }
    ],
    "isTemplate": false,
    "count": 0,
    "updated": 0
  },
  {
    "id": "93931f51-dba5-41dc-b953-d383dccde721",
    "data": [
      {
        "text": "Appa",
        "userDefined": false
      }
    ],
    "isTemplate": false,
    "count": 0,
    "updated": 0
  },
  {
    "id": "b71d4fb8-4c9a-41e3-9e04-56cd10fcef80",
    "data": [
      {
        "text": "2523",
        "alias": "password",
        "meta": "@password",
        "userDefined": true
      }
    ],
    "isTemplate": false,
    "count": 0,
    "updated": 0
  },
  {
    "id": "7cba0550-43d3-4ecb-8fc6-693338610af9",
    "data": [
      {
        "text": "for kudos",
        "userDefined": false
      }
    ],
    "isTemplate": false,
    "count": 0,
    "updated": 0
  }
]