[
  {
    "id": "d84c374b-0e9c-40a3-93ff-6720a1bde8c7",
    "data": [
      {
        "text": "hello, ",
        "userDefined": false
      },
      {
        "text": "i am hari",
        "alias": "any",
        "meta": "@sys.any",
        "userDefined": true
      }
    ],
    "isTemplate": false,
    "count": 0,
    "updated": 0
  },
  {
    "id": "6f8d9536-fbc0-4648-a4f8-be195b22c05b",
    "data": [
      {
        "text": "hey, ",
        "userDefined": false
      },
      {
        "text": "i am hari",
        "alias": "any",
        "meta": "@sys.any",
        "userDefined": true
      }
    ],
    "isTemplate": false,
    "count": 0,
    "updated": 0
  },
  {
    "id": "c8cff3d7-4944-49ac-8749-bb658cb4835a",
    "data": [
      {
        "text": "hi, ",
        "userDefined": false
      },
      {
        "text": "i am hari. how are you",
        "alias": "any",
        "meta": "@sys.any",
        "userDefined": true
      }
    ],
    "isTemplate": false,
    "count": 0,
    "updated": 0
  }
]