[
  {
    "id": "e6c41db0-9b64-4f4e-8c4e-6a106f9f5d7c",
    "data": [
      {
        "text": "degree",
        "userDefined": false
      }
    ],
    "isTemplate": false,
    "count": 0,
    "updated": 0
  },
  {
    "id": "19668ca8-318d-4f76-9375-34dd7d9a1f5e",
    "data": [
      {
        "text": "college",
        "userDefined": false
      }
    ],
    "isTemplate": false,
    "count": 0,
    "updated": 0
  },
  {
    "id": "1bd030a4-659d-4bac-acad-adee8e7c7449",
    "data": [
      {
        "text": "schooling",
        "userDefined": false
      }
    ],
    "isTemplate": false,
    "count": 0,
    "updated": 0
  },
  {
    "id": "46f3c451-5f52-41fa-ba55-e14c623be1c1",
    "data": [
      {
        "text": "educational qualification",
        "userDefined": false
      }
    ],
    "isTemplate": false,
    "count": 0,
    "updated": 0
  },
  {
    "id": "04f518de-4746-4388-a773-73d617576696",
    "data": [
      {
        "text": "qualification",
        "userDefined": false
      }
    ],
    "isTemplate": false,
    "count": 0,
    "updated": 0
  },
  {
    "id": "0a4b5334-6898-4018-b5ab-bb39e4bf3717",
    "data": [
      {
        "text": "Hari\u0027s qualification",
        "userDefined": false
      }
    ],
    "isTemplate": false,
    "count": 0,
    "updated": 0
  }
]