[
  {
    "id": "57f2ec17-723c-4e42-b302-14f0eedd4652",
    "data": [
      {
        "text": "ping him",
        "userDefined": false
      }
    ],
    "isTemplate": false,
    "count": 0,
    "updated": 0
  },
  {
    "id": "46ab1705-c014-4828-a078-26bee07cb0d3",
    "data": [
      {
        "text": "send him message",
        "userDefined": false
      }
    ],
    "isTemplate": false,
    "count": 0,
    "updated": 0
  },
  {
    "id": "4b2435ab-e2c5-49ec-9d3a-7485eecf0cfa",
    "data": [
      {
        "text": "message",
        "userDefined": false
      }
    ],
    "isTemplate": false,
    "count": 0,
    "updated": 0
  }
]