[
  {
    "id": "82ca164c-a48a-4867-8fcb-b33a38cbb5c9",
    "data": [
      {
        "text": "languages know",
        "userDefined": false
      }
    ],
    "isTemplate": false,
    "count": 0,
    "updated": 0
  },
  {
    "id": "cb42c77e-09c6-4135-a1cc-0a662368186e",
    "data": [
      {
        "text": "computer languages known",
        "userDefined": false
      }
    ],
    "isTemplate": false,
    "count": 0,
    "updated": 0
  },
  {
    "id": "6725ffa7-38c6-42b0-ae40-864881ba892c",
    "data": [
      {
        "text": "software",
        "userDefined": false
      }
    ],
    "isTemplate": false,
    "count": 0,
    "updated": 0
  },
  {
    "id": "a06833dc-9dd2-424d-955c-6453ee7a5f9a",
    "data": [
      {
        "text": "technical skills",
        "userDefined": false
      }
    ],
    "isTemplate": false,
    "count": 0,
    "updated": 0
  },
  {
    "id": "c5baf293-f209-499e-9b2a-47e25344a9c4",
    "data": [
      {
        "text": "what kinda skills he have?",
        "userDefined": false
      }
    ],
    "isTemplate": false,
    "count": 0,
    "updated": 0
  },
  {
    "id": "0d2ff133-8455-4672-a7bc-28685ce869c8",
    "data": [
      {
        "text": "Skills",
        "userDefined": false
      }
    ],
    "isTemplate": false,
    "count": 0,
    "updated": 0
  }
]