[
  {
    "id": "892723a9-70bc-4e24-b3a5-9bceb9c3566e",
    "data": [
      {
        "text": "who is your developer?",
        "userDefined": false
      }
    ],
    "isTemplate": false,
    "count": 0,
    "updated": 0
  },
  {
    "id": "6657ccd8-e26f-408e-bad8-d7efec0addda",
    "data": [
      {
        "text": "developer",
        "userDefined": false
      }
    ],
    "isTemplate": false,
    "count": 0,
    "updated": 0
  },
  {
    "id": "325f27bb-6428-4013-b591-8a9a2719ac89",
    "data": [
      {
        "text": "tell me about gowtham",
        "userDefined": false
      }
    ],
    "isTemplate": false,
    "count": 0,
    "updated": 0
  },
  {
    "id": "02ec1ff4-c106-45cb-b865-6d9fd5a91790",
    "data": [
      {
        "text": "tell me about hari",
        "userDefined": false
      }
    ],
    "isTemplate": false,
    "count": 0,
    "updated": 0
  },
  {
    "id": "b9352b7a-c9a4-4b35-90ec-5e9a5acfc61e",
    "data": [
      {
        "text": "Hari Gowtham",
        "userDefined": false
      }
    ],
    "isTemplate": false,
    "count": 0,
    "updated": 0
  },
  {
    "id": "b5478f84-10e6-4c0b-b215-3040fd73084f",
    "data": [
      {
        "text": "Who is hari Gowtham",
        "userDefined": false
      }
    ],
    "isTemplate": false,
    "count": 0,
    "updated": 0
  }
]